trade_date,RELIANCE,HDFCBANK,ICICIBANK,SBIN,TCS,INFY,ITC,LT,TITAN,BAJFINANCE,RELIANCE_value,HDFCBANK_value,ICICIBANK_value,SBIN_value,TCS_value,INFY_value,ITC_value,LT_value,TITAN_value,BAJFINANCE_value,invested_position_value,cash_balance,portfolio_value,daily_return,cumulative_return
2025-09-12,1395.0,967.3,1417.7,823.55,3133.4,1525.6,413.75,3579.8,3571.9,1003.25,149265.0,149931.5,99239.0,49413.0,147269.80000000002,99164.0,49650.0,96654.6,46434.700000000004,99321.75,986343.35,13656.649999999972,1000000.0,,0.0
2025-09-15,1399.3,967.05,1419.4,824.75,3111.9,1508.4,412.65,3586.2,3534.1,1009.85,149725.1,149892.75,99358.0,49485.0,146259.30000000002,98046.0,49518.0,96827.4,45943.299999999996,99975.15000000001,985030.0000000001,13656.649999999972,998686.6500000001,-0.0013133499999998799,-0.0013133499999998799
2025-09-16,1405.3,966.85,1421.6,831.55,3145.7,1511.3,413.1,3667.8,3556.8,1003.25,150367.1,149861.75,99512.0,49893.0,147847.9,98234.5,49572.0,99030.6,46238.4,99321.75,989879.0,13656.649999999972,1003535.65,0.0048553768091321725,0.0035356500000001123
2025-09-17,1413.8,966.5,1419.2,857.15,3172.8,1522.4,409.3,3685.5,3523.0,1007.5,151276.6,149807.5,99344.0,51429.0,149121.6,98956.0,49116.0,99508.5,45799.0,99742.5,994100.7,13656.649999999972,1007757.35,0.00420682613517509,0.007757349999999885
2025-09-18,1415.0,976.9,1421.7,854.35,3176.7,1540.6,411.55,3686.0,3511.3,996.5,151405.0,151419.5,99519.0,51261.0,149304.9,100139.0,49386.0,99522.0,45646.9,98653.5,996256.8,13656.649999999972,1009913.4500000001,0.002139503125430098,0.00991344999999999
2025-09-19,1407.4,966.9,1402.2,862.35,3169.2,1540.2,410.65,3675.4,3467.2,992.45,150591.80000000002,149869.5,98154.0,51741.0,148952.4,100113.0,49278.0,99235.8,45073.6,98252.55,991261.6500000001,13656.649999999972,1004918.3000000002,-0.004946116917246668,0.004918300000000153
2025-09-22,1390.6,964.2,1401.5,855.25,3073.8,1499.5,406.95,3644.5,3457.5,1006.5,148794.19999999998,149451.0,98105.0,51315.0,144468.6,97467.5,48834.0,98401.5,44947.5,99643.5,981427.7999999999,13656.649999999972,995084.45,-0.00978572088895202,-0.004915550000000102
2025-09-23,1389.8,957.2,1394.3,870.6,3062.4,1497.5,403.2,3657.6,3439.2,1025.5,148708.6,148366.0,97601.0,52236.0,143932.80000000002,97337.5,48384.0,98755.2,44709.6,101524.5,981555.2,13656.649999999972,995211.85,0.00012802933459576948,-0.004788149999999991
2025-09-24,1383.0,951.05,1382.7,866.2,3035.4,1494.6,401.0,3673.8,3418.3,1029.75,147981.0,147412.75,96789.0,51972.0,142663.80000000002,97149.0,48120.0,99192.6,44437.9,101945.25,977663.3,13656.649999999972,991319.9500000001,-0.00391062465745351,-0.00868004999999994
2025-09-25,1372.4,949.85,1375.8,861.15,2957.4,1484.8,400.1,3644.4,3378.5,1012.75,146846.80000000002,147226.75,96306.0,51669.0,138997.80000000002,96512.0,48012.0,98398.8,43920.5,100262.25,968151.9000000001,13656.649999999972,981808.5500000002,-0.009594682322291548,-0.018191449999999887
2025-09-26,1377.6,945.05,1359.6,856.95,2899.1,1448.9,405.1,3729.5,3327.3,985.1,147403.19999999998,146482.75,95172.0,51417.0,136257.69999999998,94178.5,48612.0,100696.5,43254.9,97524.90000000001,960999.45,13656.649999999972,974656.1,-0.007284974244724407,-0.025343899999999975
2025-09-29,1372.8,950.3,1348.1,870.75,2896.1,1441.8,407.25,3688.4,3401.2,990.95,146889.6,147296.5,94367.0,52245.0,136116.69999999998,93717.0,48870.0,99586.8,44215.6,98104.05,961408.25,13656.649999999972,975064.9,0.0004194299917683608,-0.024935099999999988
2025-09-30,1364.0,951.0,1348.0,872.45,2888.4,1441.8,401.55,3659.0,3367.0,998.9,145948.0,147405.0,94360.0,52347.0,135754.80000000002,93717.0,48186.0,98793.0,43771.0,98891.09999999999,959172.9,13656.649999999972,972829.55,-0.0022925140675251754,-0.027170449999999957
2025-10-01,1368.7,965.25,1372.0,864.1,2914.2,1445.8,405.6,3670.3,3408.3,987.7,146450.9,149613.75,96040.0,51846.0,136967.4,93977.0,48672.0,99098.1,44307.9,97782.3,964755.3500000001,13656.649999999972,978412.0000000001,0.0057383639302486245,-0.02158799999999983
2025-10-03,1363.4,965.15,1365.2,867.3,2901.9,1446.6,404.3,3733.1,3453.3,989.75,145883.80000000002,149598.25,95564.0,52038.0,136389.30000000002,94029.0,48516.0,100793.7,44892.9,97985.25,965690.2000000001,13656.649999999972,979346.8500000001,0.0009554768338899677,-0.020653149999999898
2025-10-06,1375.0,973.45,1363.4,874.05,2988.4,1476.0,400.75,3737.0,3425.4,1008.9,147125.0,150884.75,95438.0,52443.0,140454.80000000002,95940.0,48090.0,100899.0,44530.200000000004,99881.09999999999,975685.85,13656.649999999972,989342.5,0.010206445244603568,-0.010657499999999986
2025-10-07,1384.8,982.5,1375.9,864.7,2973.7,1458.5,399.8,3729.7,3418.2,1016.55,148173.6,152287.5,96313.0,51882.0,139763.9,94802.5,47976.0,100701.9,44436.6,100638.45,976975.45,13656.649999999972,990632.1,0.0013034919656236266,-0.009367899999999985
2025-10-08,1367.4,978.7,1370.3,858.25,3027.2,1495.0,399.75,3729.8,3565.6,1023.15,146311.80000000002,151698.5,95921.0,51495.0,142278.4,97175.0,47970.0,100704.6,46352.799999999996,101291.84999999999,981198.9500000001,13656.649999999972,994855.6000000001,0.0042634394746547954,-0.005144399999999938
2025-10-09,1377.8,977.1,1376.2,862.1,3061.7,1509.3,399.9,3769.2,3550.6,1024.1,147424.6,151450.5,96334.0,51726.0,143899.9,98104.5,47988.0,101768.4,46157.799999999996,101385.9,986239.6000000001,13656.649999999972,999896.2500000001,0.0050667152097250145,-0.00010374999999984702
2025-10-10,1381.7,980.9,1380.3,880.65,3028.3,1514.9,402.8,3784.0,3531.9,1023.85,147841.9,152039.5,96621.0,52839.0,142330.1,98468.5,48336.0,102168.0,45914.700000000004,101361.15000000001,987919.85,13656.649999999972,1001576.5,0.0016804243440255995,0.0015765000000000917
2025-10-13,1375.0,977.0,1379.4,882.95,3007.2,1493.2,399.25,3769.5,3533.6,1036.75,147125.0,151435.0,96558.0,52977.0,141338.4,97058.0,47910.0,101776.5,45936.799999999996,102638.25,984752.9500000001,13656.649999999972,998409.6000000001,-0.0031619152406230366,-0.0015903999999998808
2025-10-14,1375.9,977.15,1384.1,876.95,2960.3,1489.9,396.8,3744.3,3537.4,1019.15,147221.30000000002,151458.25,96887.0,52617.0,139134.1,96843.5,47616.0,101096.1,45986.200000000004,100895.84999999999,979755.2999999999,13656.649999999972,993411.95,-0.005005610923613069,-0.0065880500000000675
2025-10-15,1374.3,978.25,1398.4,886.1,2969.8,1474.4,399.9,3828.7,3549.0,1059.9,147050.1,151628.75,97888.0,53166.0,139580.6,95836.0,47988.0,103374.9,46137.0,104930.1,987579.45,13656.649999999972,1001236.1,0.00787603773036949,0.0012361000000000733
2025-10-16,1398.3,994.35,1417.3,886.95,2970.7,1471.5,405.15,3861.8,3640.3,1065.75,149618.1,154124.25,99211.0,53217.0,139622.9,95647.5,48618.0,104268.6,47323.9,105509.25,997160.5,13656.649999999972,1010817.15,0.009569221485322021,0.010817150000000053
2025-10-17,1416.8,1002.55,1436.6,889.15,2962.2,1441.1,412.15,3839.4,3674.8,1070.1,151597.6,155395.25,100562.0,53349.0,139223.4,93671.5,49458.0,103663.8,47772.4,105939.9,1000632.8500000001,13656.649999999972,1014289.5000000001,0.003435191023421158,0.014289500000000066
2025-10-20,1466.8,1002.95,1390.3,907.5,3015.2,1460.9,413.05,3872.7,3737.2,1081.0,156947.6,155457.25,97321.0,54450.0,141714.4,94958.5,49566.0,104562.9,48583.6,107019.0,1010580.25,13656.649999999972,1024236.9,0.009807259170088845,0.024236900000000006
2025-10-21,1465.2,1007.7,1382.0,907.85,3006.7,1472.4,412.85,3888.2,3729.0,1086.5,156776.4,156193.5,96740.0,54471.0,141314.9,95706.0,49542.0,104981.4,48477.0,107563.5,1011765.7000000001,13656.649999999972,1025422.3500000001,0.0011573982542516514,0.02542235000000015
2025-10-23,1448.4,1008.8,1363.7,911.55,3073.2,1528.5,415.95,3918.7,3772.3,1094.15,154978.80000000002,156364.0,95459.0,54693.0,144440.4,99352.5,49914.0,105804.9,49039.9,108320.85,1018367.3500000001,13656.649999999972,1032024.0000000001,0.006437981383963454,0.03202400000000005
2025-10-24,1451.6,994.75,1377.7,904.5,3063.2,1525.4,416.8,3904.9,3714.9,1089.75,155321.19999999998,154186.25,96439.0,54270.0,143970.4,99151.0,50016.0,105432.3,48293.700000000004,107885.25,1014965.1,13656.649999999972,1028621.75,-0.0032966772090572416,0.02862174999999989
2025-10-27,1484.1,1002.95,1377.6,922.75,3084.9,1504.5,420.65,3923.8,3739.8,1084.4,158798.69999999998,155457.25,96432.0,55365.0,144990.30000000002,97792.5,50478.0,105942.6,48617.4,107355.6,1021229.35,13656.649999999972,1034886.0,0.006089945113449069,0.03488599999999997
2025-10-28,1486.9,1003.55,1363.1,930.25,3057.9,1500.2,417.9,3972.8,3717.0,1072.75,159098.30000000002,155550.25,95417.0,55815.0,143721.30000000002,97513.0,50148.0,107265.6,48321.0,106202.25,1019051.7000000001,13656.649999999972,1032708.3500000001,-0.002104241433355858,0.03270835000000005
2025-10-29,1504.2,1007.85,1370.4,939.75,3057.6,1510.4,421.6,3958.1,3748.3,1062.95,160949.4,156216.75,95928.0,56385.0,143707.19999999998,98176.0,50592.0,106868.7,48727.9,105232.05,1022783.0,13656.649999999972,1036439.65,0.0036131207809058097,0.036439649999999935
2025-10-30,1488.5,998.15,1362.4,934.35,3035.3,1493.8,418.75,3987.5,3750.7,1052.3,159269.5,154713.25,95368.0,56061.0,142659.1,97097.0,50250.0,107662.5,48759.1,104177.7,1016017.1499999999,13656.649999999972,1029673.7999999999,-0.006527972950475358,0.02967379999999986
2025-10-31,1486.4,987.3,1345.3,937.0,3058.0,1482.3,420.35,4030.9,3746.7,1042.8,159044.80000000002,153031.5,94171.0,56220.0,143726.0,96349.5,50442.0,108834.3,48707.1,103237.2,1013763.4,13656.649999999972,1027420.05,-0.0021887999869472097,0.02742005000000014
2025-11-03,1484.7,992.65,1346.4,949.7,3016.8,1485.5,413.95,3980.5,3724.5,1043.1,158862.9,153860.75,94248.0,56982.0,141789.6,96557.5,49674.0,107473.5,48418.5,103266.9,1011133.65,13656.649999999972,1024790.3,-0.002559566557027937,0.024790300000000043
2025-11-04,1473.1,985.25,1336.9,957.6,2990.2,1467.9,408.9,3924.4,3813.5,1057.0,157621.69999999998,152713.75,93583.0,57456.0,140539.4,95413.5,49068.0,105958.8,49575.5,104643.0,1006572.65,13656.649999999972,1020229.3,-0.004450666638823542,0.020229300000000006
2025-11-06,1496.1,984.65,1320.4,960.75,3010.9,1466.7,407.5,3881.6,3774.4,1041.9,160082.69999999998,152620.75,92428.0,57645.0,141512.30000000002,95335.5,48900.0,104803.2,49067.200000000004,103148.1,1005542.7499999999,13656.649999999972,1019199.3999999999,-0.0010094789475268984,0.019199399999999978
2025-11-07,1478.0,982.3,1343.0,955.85,2991.8,1476.8,404.05,3882.5,3769.3,1066.6,158146.0,152256.5,94010.0,57351.0,140614.6,95992.0,48486.0,104827.5,49000.9,105593.4,1006277.9,13656.649999999972,1019934.55,0.0007213014450362376,0.019934550000000106
2025-11-10,1489.3,984.5,1348.0,951.15,3025.2,1513.5,405.55,3918.5,3803.0,1085.0,159355.1,152597.5,94360.0,57069.0,142184.4,98377.5,48666.0,105799.5,49439.0,107415.0,1015263.0,13656.649999999972,1028919.65,0.008809486844033154,0.028919649999999963
2025-11-11,1493.4,991.7,1358.3,953.3,3047.0,1530.3,406.85,3955.0,3812.4,1005.2,159793.80000000002,153713.5,95081.0,57198.0,143209.0,99469.5,48822.0,106785.0,49561.200000000004,99514.8,1013147.8,13656.649999999972,1026804.4500000001,-0.0020557484736538623,0.02680444999999998
2025-11-12,1511.5,989.5,1358.9,957.15,3131.8,1551.7,407.0,3954.6,3851.1,1013.2,161730.5,153372.5,95123.0,57429.0,147194.6,100860.5,48840.0,106774.2,50064.299999999996,100306.8,1021695.4,13656.649999999972,1035352.05,0.008324467234243071,0.03535204999999997
2025-11-13,1510.9,986.65,1385.9,954.0,3105.7,1541.8,405.7,4002.5,3839.2,1005.4,161666.30000000002,152930.75,97013.0,57240.0,145967.9,100217.0,48684.0,108067.5,49909.6,99534.59999999999,1021230.65,13656.649999999972,1034887.3,-0.0004488811317850949,0.034887300000000065
2025-11-14,1518.9,989.6,1373.0,967.85,3106.0,1502.8,408.15,4004.4,3829.2,1018.5,162522.30000000002,153388.0,96110.0,58071.0,145982.0,97682.0,48978.0,108118.8,49779.6,100831.5,1021463.2000000001,13656.649999999972,1035119.8500000001,0.00022471045881045093,0.035119850000000064
2025-11-17,1518.3,996.55,1379.0,973.35,3102.2,1507.6,407.1,4027.7,3868.6,1026.8,162458.1,154465.25,96530.0,58401.0,145803.4,97994.0,48852.0,108747.9,50291.799999999996,101653.2,1025196.65,13656.649999999972,1038853.3,0.0036067804129154,0.03885329999999998
2025-11-18,1519.4,992.45,1373.4,972.45,3087.1,1486.4,405.85,3999.6,3879.2,1013.6,162575.80000000002,153829.75,96138.0,58347.0,145093.69999999998,96616.0,48702.0,107989.2,50429.6,100346.40000000001,1020067.45,13656.649999999972,1033724.1,-0.004937366998786108,0.033724099999999924
2025-11-19,1518.9,994.6,1383.1,982.75,3147.7,1541.1,403.55,4019.6,3933.1,1005.6,162522.30000000002,154163.0,96817.0,58965.0,147941.9,100171.5,48426.0,108529.2,51130.299999999996,99554.40000000001,1028220.6000000001,13656.649999999972,1041877.2500000001,0.007887162541726722,0.0418772500000002
2025-11-20,1549.1,1008.85,1383.0,981.55,3144.8,1536.5,405.45,4037.4,3902.4,1028.6,165753.69999999998,156371.75,96810.0,58893.0,147805.6,99872.5,48654.0,109009.8,50731.200000000004,101831.4,1035732.95,13656.649999999972,1049389.5999999999,0.007210398345870228,0.04938959999999981
2025-11-21,1546.6,998.05,1369.5,972.6,3150.6,1545.0,407.85,4024.9,3904.2,1004.1,165486.19999999998,154697.75,95865.0,58356.0,148078.19999999998,100425.0,48942.0,108672.3,50754.6,99405.90000000001,1030682.95,13656.649999999972,1044339.6,-0.004812321372348105,0.044339600000000035
2025-11-24,1535.9,999.15,1368.4,970.6,3141.2,1548.0,403.55,4013.3,3874.3,994.0,164341.30000000002,154868.25,95788.0,58236.0,147636.4,100620.0,48426.0,108359.1,50365.9,98406.0,1027046.9500000001,13656.649999999972,1040703.6000000001,-0.003481626091742407,0.04070360000000006
2025-11-25,1539.7,989.8,1357.8,983.6,3119.2,1530.6,400.8,3996.7,3855.1,986.2,164747.9,153419.0,95046.0,59016.0,146602.4,99489.0,48096.0,107910.9,50116.299999999996,97633.8,1022077.3000000002,13656.649999999972,1035733.9500000002,-0.004775278955506557,0.035733950000000236
2025-11-26,1569.9,1003.9,1375.0,983.9,3162.9,1557.9,402.3,4062.0,3897.7,1010.7,167979.30000000002,155604.5,96250.0,59034.0,148656.30000000002,101263.5,48276.0,109674.0,50670.1,100059.3,1037467.0000000001,13656.649999999972,1051123.6500000001,0.01485873857857034,0.051123650000000076
2025-11-27,1563.4,1009.5,1392.2,972.85,3136.6,1566.4,404.3,4081.3,3903.3,1033.8,167283.80000000002,156472.5,97454.0,58371.0,147420.19999999998,101816.0,48516.0,110195.1,50742.9,102346.2,1040617.7,13656.649999999972,1054274.3499999999,0.0029974589573735777,0.054274349999999805
2025-11-28,1567.5,1007.6,1388.8,979.0,3137.5,1560.1,404.25,4069.6,3907.7,1037.5,167722.5,156178.0,97216.0,58740.0,147462.5,101406.5,48510.0,109879.2,50800.1,102712.5,1040627.2999999999,13656.649999999972,1054283.95,9.105789209540305e-06,0.05428394999999986
2025-12-01,1566.1,1002.1,1390.1,973.1,3133.4,1564.0,404.25,4073.2,3894.9,1021.1,167572.69999999998,155325.5,97307.0,58386.0,147269.80000000002,101660.0,48510.0,109976.4,50633.700000000004,101088.90000000001,1037730.0,13656.649999999972,1051386.65,-0.002748121129985903,0.05138664999999998
2025-12-02,1546.3,989.8,1373.0,967.3,3135.7,1561.0,400.95,4030.5,3885.8,1025.5,165454.1,153419.0,96110.0,58038.0,147377.9,101465.0,48114.0,108823.5,50515.4,101524.5,1030841.4,13656.649999999972,1044498.05,-0.006551918839753035,0.04449805000000007
2025-12-03,1538.8,1000.5,1391.5,951.05,3180.0,1578.7,400.5,3988.0,3817.8,1021.4,164651.6,155077.5,97405.0,57063.0,149460.0,102615.5,48060.0,107676.0,49631.4,101118.59999999999,1032758.6,13656.649999999972,1046415.25,0.0018355228140445323,0.04641524999999991
2025-12-04,1535.6,997.2,1386.7,948.1,3229.2,1597.6,403.05,3983.6,3800.4,1029.1,164309.19999999998,154566.0,97069.0,56886.0,151772.4,103844.0,48366.0,107557.2,49405.200000000004,101880.9,1035655.8999999999,13656.649999999972,1049312.5499999998,0.0027687861009286774,0.04931254999999979
2025-12-05,1540.6,1003.3,1392.5,971.5,3238.2,1616.2,404.95,4038.2,3813.3,1048.0,164844.19999999998,155511.5,97475.0,58290.0,152195.4,105053.0,48594.0,109031.4,49572.9,103752.0,1044319.4,13656.649999999972,1057976.05,0.008256357936441638,0.057976049999999946
2025-12-08,1543.0,1003.1,1389.6,956.4,3236.5,1610.8,402.3,3996.7,3767.0,1026.4,165101.0,155480.5,97272.0,57384.0,152115.5,104702.0,48276.0,107910.9,48971.0,101613.6,1038826.5,13656.649999999972,1052483.15,-0.005191894466798352,0.05248314999999981
2025-12-09,1529.4,997.1,1375.2,959.35,3208.3,1599.0,401.05,3997.5,3849.0,1016.7,163645.80000000002,154550.5,96264.0,57561.0,150790.1,103935.0,48126.0,107932.5,50037.0,100653.3,1033495.2000000001,13656.649999999972,1047151.8500000001,-0.00506544926633723,0.047151850000000106
2025-12-10,1536.9,989.8,1363.6,959.75,3189.2,1584.8,403.15,3991.3,3845.7,1010.3,164448.30000000002,153419.0,95452.0,57585.0,149892.4,103012.0,48378.0,107765.1,49994.1,100019.7,1029965.6,13656.649999999972,1043622.25,-0.0033706668235367054,0.043622250000000085
2025-12-11,1545.0,1000.3,1360.0,963.25,3191.9,1598.0,402.9,4003.9,3844.8,1006.4,165315.0,155046.5,95200.0,57795.0,150019.30000000002,103870.0,48348.0,108105.3,49982.4,99633.59999999999,1033315.1000000001,13656.649999999972,1046971.7500000001,0.003209494623174436,0.0469717500000002
2025-12-12,1556.5,1001.5,1366.0,963.15,3220.5,1598.2,400.1,4074.1,3880.2,1017.3,166545.5,155232.5,95620.0,57789.0,151363.5,103883.0,48012.0,110000.7,50442.6,100712.7,1039601.4999999999,13656.649999999972,1053258.15,0.006004364492165015,0.053258150000000004
2025-12-15,1556.2,996.1,1365.2,967.25,3230.2,1606.8,402.3,4092.3,3866.2,1012.7,166513.4,154395.5,95564.0,58035.0,151819.4,104442.0,48276.0,110492.1,50260.6,100257.3,1040055.3,13656.649999999972,1053711.95,0.00043085353766314505,0.053711950000000064
2025-12-16,1542.3,994.3,1366.0,961.15,3205.1,1592.9,401.7,4063.8,3929.5,998.4,165026.1,154116.5,95620.0,57669.0,150639.69999999998,103538.5,48204.0,109722.6,51083.5,98841.59999999999,1034461.4999999999,13656.649999999972,1048118.1499999999,-0.0053086614420573275,0.04811814999999986
2025-12-17,1544.4,984.0,1352.4,975.85,3217.8,1602.0,399.8,4062.4,3907.9,999.6,165250.80000000002,152520.0,94668.0,58551.0,151236.6,104130.0,47976.0,109684.8,50802.700000000004,98960.40000000001,1033780.3,13656.649999999972,1047436.9500000001,-0.0006499267282031873,0.04743695000000003
2025-12-18,1544.4,979.7,1356.8,977.55,3280.8,1626.8,400.4,4031.1,3919.3,1000.3,165250.80000000002,151853.5,94976.0,58653.0,154197.6,105742.0,48048.0,108839.7,50950.9,99029.7,1037541.2,13656.649999999972,1051197.8499999999,0.003590574115224676,0.05119784999999988
2025-12-19,1565.1,985.5,1354.1,980.3,3282.0,1638.7,401.05,4073.5,3930.1,1008.3,167465.69999999998,152752.5,94787.0,58818.0,154254.0,106515.5,48126.0,109984.5,51091.299999999996,99821.7,1043616.2,13656.649999999972,1057272.8499999999,0.0057791214089717435,0.05727284999999993
2025-12-22,1575.4,987.7,1368.5,974.3,3324.9,1689.6,402.7,4072.4,3933.8,1007.8,168567.80000000002,153093.5,95795.0,58458.0,156270.30000000002,109824.0,48324.0,109954.8,51139.4,99772.2,1051199.0000000002,13656.649999999972,1064855.6500000001,0.007172037000666709,0.06485565000000015
2025-12-23,1570.7,996.6,1363.0,971.9,3310.0,1668.3,407.35,4058.8,3925.8,1011.4,168064.9,154473.0,95410.0,58314.0,155570.0,108439.5,48882.0,109587.6,51035.4,100128.59999999999,1049905.0,13656.649999999972,1063561.65,-0.0012151881806705678,0.0635616499999998
2025-12-24,1558.2,997.2,1359.8,968.95,3319.0,1663.4,406.6,4053.6,3909.3,1011.7,166727.4,154566.0,95186.0,58137.0,155993.0,108121.0,48792.0,109447.2,50820.9,100158.3,1047948.8,13656.649999999972,1061605.45,-0.0018392915916063401,0.06160545000000006
2025-12-26,1559.2,992.1,1350.4,966.3,3280.0,1656.1,404.15,4047.3,3992.0,1000.0,166834.4,153775.5,94528.0,57978.0,154160.0,107646.5,48498.0,109277.1,51896.0,99000.0,1043593.5,13656.649999999972,1057250.15,-0.004102559948236939,0.05725015
2025-12-29,1545.6,991.7,1343.3,965.05,3251.5,1644.7,402.6,4038.7,3983.7,998.0,165379.19999999998,153713.5,94031.0,57903.0,152820.5,106905.5,48312.0,109044.9,51788.1,98802.0,1038699.7,13656.649999999972,1052356.3499999999,-0.004628800478297501,0.05235634999999994
2025-12-30,1539.8,990.9,1342.5,973.45,3246.8,1621.6,400.6,4052.0,3974.1,989.3,164758.6,153589.5,93975.0,58407.0,152599.6,105404.0,48072.0,109404.0,51663.299999999996,97940.7,1035813.7,13656.649999999972,1049470.3499999999,-0.002742417052930768,0.049470349999999774
2025-12-31,1570.4,991.2,1342.9,982.2,3206.2,1615.4,403.0,4083.5,4051.5,986.8,168032.80000000002,153636.0,94003.0,58932.0,150691.4,105001.0,48360.0,110254.5,52669.5,97693.2,1039273.4,13656.649999999972,1052930.05,0.0032966152878928234,0.05293005000000006
2026-01-01,1575.6,991.15,1338.0,984.75,3227.4,1629.8,363.85,4140.4,4049.3,973.1,168589.19999999998,153628.25,93660.0,59085.0,151687.80000000002,105937.0,43662.0,111790.79999999999,52640.9,96336.90000000001,1037017.8500000001,13656.649999999972,1050674.5,-0.0021421650944429826,0.050674499999999956
2026-01-02,1592.3,1001.6,1355.4,998.95,3250.7,1640.4,350.05,4163.4,4051.7,990.45,170376.1,155248.0,94878.0,59937.0,152782.9,106626.0,42006.0,112411.79999999999,52672.1,98054.55,1044992.4500000001,13656.649999999972,1058649.1,0.007589981483323349,0.05864910000000001
2026-01-05,1578.1,977.5,1371.5,1005.55,3216.1,1606.4,349.7,4150.4,4079.7,978.75,168856.69999999998,151512.5,96005.0,60333.0,151156.69999999998,104416.0,41964.0,112060.79999999999,53036.1,96896.25,1036237.0499999999,13656.649999999972,1049893.7,-0.008270351337379078,0.04989369999999993
2026-01-06,1507.6,962.2,1411.2,1018.9,3255.8,1612.2,342.45,4140.6,4111.8,977.35,161313.19999999998,149141.0,98784.0,61134.0,153022.6,104793.0,41094.0,111796.20000000001,53453.4,96757.65000000001,1031289.05,13656.649999999972,1044945.7000000001,-0.004712858073155246,0.04494569999999998
2026-01-07,1504.2,949.05,1427.7,1007.15,3295.6,1639.0,341.25,4157.0,4273.2,968.8,160949.4,147102.75,99939.0,60429.0,154893.19999999998,106535.0,40950.0,112239.0,55551.6,95911.2,1034500.1499999999,13656.649999999972,1048156.7999999999,0.0030729826439783725,0.04815679999999989
2026-01-08,1470.6,946.7,1435.0,998.0,3203.9,1613.3,340.9,4028.4,4249.0,971.95,157354.19999999998,146738.5,100450.0,59880.0,150583.30000000002,104864.5,40908.0,108766.8,55237.0,96223.05,1021005.3500000001,13656.649999999972,1034662.0000000001,-0.012874791252606266,0.03466200000000019
2026-01-09,1475.3,939.0,1404.3,1000.5,3207.8,1614.1,337.15,4025.2,4201.8,959.6,157857.1,145545.0,98301.0,60030.0,150766.6,104916.5,40458.0,108680.4,54623.4,95000.40000000001,1016178.4,13656.649999999972,1029835.05,-0.004665243335504776,0.029835049999999974
2026-01-12,1483.2,936.95,1413.1,1015.15,3239.6,1595.9,338.4,4019.0,4231.6,951.9,158702.4,145227.25,98917.0,60909.0,152261.19999999998,103733.5,40608.0,108513.0,55010.8,94238.09999999999,1018120.25,13656.649999999972,1031776.9,0.001885593231653937,0.03177690000000011
2026-01-13,1452.8,937.35,1437.0,1028.45,3268.0,1599.0,334.7,3887.4,4239.2,949.0,155449.6,145289.25,100590.0,61707.0,153596.0,103935.0,40164.0,104959.8,55109.6,93951.0,1014751.25,13656.649999999972,1028407.9,-0.003265240770558009,0.02840789999999993
2026-01-14,1458.8,925.45,1418.4,1028.35,3192.5,1599.8,334.75,3865.8,4221.5,945.95,156091.6,143444.75,99288.0,61700.99999999999,150047.5,103987.0,40170.0,104376.6,54879.5,93649.05,1007635.0,13656.649999999972,1021291.65,-0.006919676521349172,0.021291649999999995
2026-01-16,1457.9,931.1,1410.8,1042.3,3206.7,1689.8,329.2,3856.4,4196.9,950.25,155995.30000000002,144320.5,98756.0,62538.0,150714.9,109837.0,39504.0,104122.8,54559.7,94074.75,1014422.9500000001,13656.649999999972,1028079.6000000001,0.006646436402373501,0.028079600000000093
2026-01-19,1413.6,927.9,1380.6,1038.4,3163.6,1681.2,333.2,3869.8,4144.1,969.45,151255.19999999998,143824.5,96642.0,62304.00000000001,148689.19999999998,109278.0,39984.0,104484.6,53873.3,95975.55,1006310.35,13656.649999999972,1019967.0,-0.00789102322427182,0.019967000000000068
2026-01-20,1394.0,931.2,1375.8,1036.4,3102.3,1658.9,326.3,3810.5,4075.5,933.2,149158.0,144336.0,96306.0,62184.00000000001,145808.1,107828.5,39156.0,102883.5,52981.5,92386.8,993028.4,13656.649999999972,1006685.05,-0.013021940905931229,0.00668504999999997
2026-01-21,1404.6,920.35,1349.0,1028.65,3122.6,1654.4,324.75,3766.5,4079.2,936.25,150292.19999999998,142654.25,94430.0,61719.00000000001,146762.19999999998,107536.0,38970.0,101695.5,53029.6,92688.75,989777.4999999999,13656.649999999972,1003434.1499999999,-0.0032293118885595717,0.0034341499999999137
2026-01-22,1402.5,918.7,1345.5,1048.35,3150.4,1663.5,324.85,3793.8,4018.6,942.85,150067.5,142398.5,94185.0,62900.99999999999,148068.80000000002,108127.5,38982.0,102432.6,52241.799999999996,93342.15000000001,992746.8500000001,13656.649999999972,1006403.5000000001,0.0029591877055412663,0.006403500000000006
2026-01-23,1386.1,916.1,1343.4,1029.5,3162.5,1670.8,323.4,3743.8,4021.8,927.85,148312.69999999998,141995.5,94038.0,61770.0,148637.5,108602.0,38808.0,101082.6,52283.4,91857.15000000001,987386.85,13656.649999999972,1001043.5,-0.005325895627350419,0.001043499999999975
2026-01-27,1380.5,926.4,1361.4,1053.15,3158.0,1682.7,318.65,3787.8,3997.0,914.7,147713.5,143592.0,95298.0,63189.00000000001,148426.0,109375.5,38238.0,102270.6,51961.0,90555.3,990618.9,13656.649999999972,1004275.55,0.0032286808715107362,0.004275550000000017
2026-01-28,1396.7,932.7,1367.7,1063.5,3200.1,1666.5,321.15,3794.0,3975.2,935.15,149446.9,144568.5,95739.0,63810.0,150404.69999999998,108322.5,38538.0,102438.0,51677.6,92579.84999999999,997525.0499999999,13656.649999999972,1011181.7,0.006876748119577281,0.01118169999999985
2026-01-29,1391.0,935.5,1383.6,1066.2,3144.4,1659.5,318.6,3932.9,3939.7,935.15,148837.0,145002.5,96852.0,63972.0,147786.80000000002,107867.5,38232.0,106188.3,51216.1,92579.84999999999,998534.05,13656.649999999972,1012190.7000000001,0.000997842425352502,0.01219070000000011
2026-01-30,1395.4,929.25,1355.0,1077.15,3123.9,1641.0,322.15,3932.3,3977.4,929.85,149307.80000000002,144033.75,94850.0,64629.00000000001,146823.30000000002,106665.0,38658.0,106172.1,51706.200000000004,92055.15000000001,994900.3,13656.649999999972,1008556.9500000001,-0.0035899855629971666,0.008556950000000008
2026-02-01,1347.0,922.1,1334.2,1018.2,3186.9,1654.5,309.45,3814.0,3985.3,902.35,144129.0,142925.5,93394.0,61092.0,149784.30000000002,107542.5,37134.0,102978.0,51808.9,89332.65000000001,980120.8500000001,13656.649999999972,993777.5000000001,-0.01465405597571856,-0.006222499999999909
2026-02-02,1390.4,928.1,1352.8,1028.7,3169.6,1629.4,314.7,3921.3,3953.2,903.7,148772.80000000002,143855.5,94696.0,61722.0,148971.19999999998,105911.0,37764.0,105875.1,51391.6,89466.3,988425.5,13656.649999999972,1002082.15,0.008356649249957826,0.002082150000000116
2026-02-03,1437.1,948.7,1389.7,1064.2,3225.3,1656.0,316.65,4038.8,4068.6,964.4,153769.69999999998,147048.5,97279.0,63852.0,151589.1,107640.0,37998.0,109047.6,52891.799999999996,95475.59999999999,1016591.2999999999,13656.649999999972,1030247.95,0.028107276434372164,0.030247949999999912
2026-02-04,1456.8,953.1,1408.4,1068.2,2999.1,1535.8,313.85,4087.1,4144.0,963.3,155877.6,147730.5,98588.0,64092.0,140957.69999999998,99827.0,37662.0,110351.7,53872.0,95366.7,1004325.1999999998,13656.649999999972,1017981.8499999999,-0.011905968849537762,0.017981849999999966
2026-02-05,1443.4,949.7,1396.5,1073.5,2991.5,1520.2,310.2,4063.3,4097.6,964.75,154443.80000000002,147203.5,97755.0,64410.0,140600.5,98813.0,37224.0,109709.1,53268.8,95510.25,998937.9500000001,13656.649999999972,1012594.6000000001,-0.0052920884591407535,0.012594600000000122
2026-02-06,1450.8,941.1,1406.1,1066.4,2941.6,1507.1,325.8,4068.1,4141.0,981.7,155235.6,145870.5,98427.0,63984.00000000001,138255.19999999998,97961.5,39096.0,109838.7,53833.0,97188.3,999689.7999999999,13656.649999999972,1013346.45,0.0007424985280386487,0.01334645000000001
2026-02-09,1461.6,937.25,1396.3,1146.0,2948.2,1497.2,322.8,4113.6,4257.8,983.15,156391.19999999998,145273.75,97741.0,68760.0,138565.4,97318.0,38736.0,111067.20000000001,55351.4,97331.84999999999,1006535.8,13656.649999999972,1020192.4500000001,0.006755833604588091,0.02019245000000014
2026-02-10,1458.5,932.4,1406.5,1144.1,2984.6,1497.8,321.4,4169.0,4269.1,965.6,156059.5,144522.0,98455.0,68646.0,140276.19999999998,97357.0,38568.0,112563.0,55498.3,95594.40000000001,1007539.4,13656.649999999972,1021196.05,0.0009837359607982599,0.021196050000000133
2026-02-11,1468.7,927.1,1406.1,1182.9,2909.8,1471.9,318.25,4170.4,4249.1,968.95,157150.9,143700.5,98427.0,70974.0,136760.6,95673.5,38190.0,112600.79999999999,55238.3,95926.05,1004641.6500000001,13656.649999999972,1018298.3000000002,-0.0028376040036581784,0.0182983000000001
2026-02-12,1448.9,920.6,1430.0,1192.4,2750.1,1386.0,317.45,4185.9,4275.8,999.1,155032.30000000002,142693.0,100100.0,71544.0,129254.7,90090.0,38094.0,113019.29999999999,55585.4,98910.90000000001,994323.6000000001,13656.649999999972,1007980.2500000001,-0.010132639915042652,0.007980250000000133
2026-02-13,1419.6,903.9,1414.6,1198.6,2692.2,1369.1,313.75,4173.9,4179.2,1024.75,151897.19999999998,140104.5,99022.0,71916.0,126533.4,88991.5,37650.0,112695.29999999999,54329.6,101450.25,984589.7499999999,13656.649999999972,998246.3999999999,-0.00965678643009149,-0.0017536000000001328
2026-02-16,1437.1,925.8,1411.6,1208.1,2706.6,1365.6,317.95,4201.5,4181.1,1012.75,153769.69999999998,143499.0,98812.0,72486.0,127210.2,88764.0,38154.0,113440.5,54354.3,100262.25,990751.95,13656.649999999972,1004408.6,0.006173025016669387,0.004408599999999874
2026-02-17,1423.0,925.7,1407.5,1213.4,2717.4,1391.2,325.45,4279.8,4236.4,1014.15,152261.0,143483.5,98525.0,72804.0,127717.8,90428.0,39054.0,115554.6,55073.2,100400.84999999999,995301.95,13656.649999999972,1008958.6,0.004530028914527362,0.008958599999999928
2026-02-18,1441.3,924.7,1408.2,1218.9,2694.9,1373.7,332.45,4325.9,4248.6,1023.8,154219.1,143328.5,98574.0,73134.0,126660.3,89290.5,39894.0,116799.29999999999,55231.8,101356.2,998487.7,13656.649999999972,1012144.35,0.003157463547067252,0.012144350000000026
2026-02-19,1409.5,915.6,1388.8,1205.7,2677.9,1370.5,326.0,4280.5,4198.2,1017.05,150816.5,141918.0,97216.0,72342.0,125861.3,89082.5,39120.0,115573.5,54576.6,100687.95,987194.35,13656.649999999972,1000851.0,-0.011157845222373619,0.0008509999999999351
2026-02-20,1419.4,911.85,1394.5,1216.1,2686.2,1353.2,327.0,4380.6,4236.4,1030.2,151875.80000000002,141336.75,97615.0,72966.0,126251.4,87958.0,39240.0,118276.20000000001,55073.2,101989.8,992582.1500000001,13656.649999999972,1006238.8000000002,0.005383218880732565,0.006238800000000211
2026-02-23,1428.0,923.6,1399.4,1227.8,2676.3,1327.5,325.4,4418.1,4272.7,1031.0,152796.0,143158.0,97958.0,73668.0,125786.1,86287.5,39048.0,119288.70000000001,55545.1,102069.0,995604.4,13656.649999999972,1009261.05,0.003003511691260341,0.009261050000000104
2026-02-24,1428.8,910.5,1384.8,1223.3,2573.7,1275.5,323.5,4259.2,4294.5,1023.55,152881.6,141127.5,96936.0,73398.0,120963.9,82907.5,38820.0,114998.4,55828.5,101331.45,979192.85,13656.649999999972,992849.5,-0.01626095646909198,-0.0071504999999999486
2026-02-25,1398.5,907.6,1400.5,1200.1,2629.3,1290.1,319.75,4298.5,4325.0,1021.05,149639.5,140678.0,98035.0,72006.0,123577.1,83856.5,38370.0,116059.5,56225.0,101083.95,979530.5499999999,13656.649999999972,993187.2,0.00034013211468608695,-0.006812800000000063
2026-02-26,1406.8,898.6,1404.9,1209.5,2647.7,1289.1,318.3,4286.5,4342.6,1012.95,150527.6,139283.0,98343.0,72570.0,124441.9,83791.5,38196.0,115735.5,56453.8,100282.05,979624.3500000001,13656.649999999972,993281.0000000001,9.444342416031759e-05,-0.0067189999999999195
2026-02-27,1393.9,887.75,1378.9,1201.7,2637.4,1300.1,313.6,4278.3,4327.5,995.9,149147.30000000002,137601.25,96523.0,72102.0,123957.8,84506.5,37632.0,115514.1,56257.5,98594.09999999999,971835.55,13656.649999999972,985492.2000000001,-0.007841486950822651,-0.01450779999999996
2026-03-02,1358.0,879.4,1374.0,1189.9,2613.5,1288.9,314.9,4066.7,4270.3,978.25,145306.0,136307.0,96180.0,71394.0,122834.5,83778.5,37788.0,109800.9,55513.9,96846.75,955749.55,13656.649999999972,969406.2000000001,-0.016322808034401448,-0.030593799999999893
2026-03-04,1345.0,868.65,1365.4,1174.5,2587.8,1307.4,311.95,3882.6,4204.4,945.1,143915.0,134640.75,95578.0,70470.0,121626.6,84981.0,37434.0,104830.2,54657.2,93564.90000000001,941697.6499999999,13656.649999999972,955354.2999999999,-0.014495368401811426,-0.04464570000000012
2026-03-05,1389.4,877.75,1357.6,1169.5,2578.8,1305.8,311.5,4038.7,4275.2,962.4,148665.80000000002,136051.25,95032.0,70170.0,121203.6,84877.0,37380.0,109044.9,55577.6,95277.59999999999,953279.75,13656.649999999972,966936.4,0.01212335570164913,-0.03306359999999997
2026-03-06,1404.8,857.05,1313.4,1143.0,2557.6,1308.4,309.7,3949.8,4244.6,950.2,150313.6,132842.75,91938.0,68580.0,120207.2,85046.0,37164.0,106644.6,55179.8,94069.8,941985.75,13656.649999999972,955642.4,-0.011680189100337968,-0.0443576
2026-03-09,1424.0,840.7,1278.4,1098.5,2527.4,1315.0,306.0,3842.1,4159.2,938.05,152368.0,130308.5,89488.0,65910.0,118787.8,85475.0,36720.0,103736.7,54069.6,92866.95,929730.5499999999,13656.649999999972,943387.2,-0.01282404380550728,-0.05661280000000002
2026-03-10,1408.8,849.45,1311.9,1112.2,2513.1,1295.6,309.05,3876.0,4220.1,939.8,150741.6,131664.75,91833.0,66732.0,118115.7,84214.0,37086.0,104652.0,54861.3,93040.2,932940.5499999999,13656.649999999972,946597.2,0.0034026325563882853,-0.053402800000000084
2026-03-11,1390.2,833.95,1294.6,1091.1,2464.9,1276.3,309.0,3838.8,4140.3,893.65,148751.4,129262.25,90622.0,65465.99999999999,115850.3,82959.5,37080.0,103647.6,53823.9,88471.34999999999,915934.3,13656.649999999972,929590.9500000001,-0.017965666917248324,-0.07040904999999997
2026-03-12,1392.2,832.75,1266.5,1085.2,2442.4,1265.8,304.1,3719.5,4129.6,863.1,148965.4,129076.25,88655.0,65112.0,114792.8,82277.0,36492.0,100426.5,53684.8,85446.90000000001,904928.6500000001,13656.649999999972,918585.3000000002,-0.011839239613939734,-0.08141469999999984
2026-03-13,1380.7,817.0,1254.8,1047.0,2410.5,1248.3,301.45,3439.0,4073.2,855.05,147734.9,126635.0,87836.0,62820.0,113293.5,81139.5,36174.0,92853.0,52951.6,84649.95,886087.45,13656.649999999972,899744.1,-0.0205111055010353,-0.10025590000000006
2026-03-16,1395.1,840.6,1272.9,1066.7,2409.2,1249.8,308.25,3469.4,4090.8,878.15,149275.69999999998,130293.0,89103.0,64002.0,113232.4,81237.0,36990.0,93673.8,53180.4,86936.84999999999,897924.15,13656.649999999972,911580.8,0.01315562947286919,-0.08841919999999992
2026-03-17,1397.6,845.35,1288.7,1064.7,2391.7,1232.9,304.85,3542.8,4090.5,868.6,149543.19999999998,131029.25,90209.0,63882.0,112409.9,80138.5,36582.0,95655.6,53176.5,85991.40000000001,898617.35,13656.649999999972,912274.0,0.000760437253614743,-0.08772599999999997
2026-03-18,1408.1,843.05,1289.3,1069.8,2440.8,1267.1,304.05,3607.9,4145.5,880.1,150666.69999999998,130672.75,90251.0,64188.0,114717.6,82361.5,36486.0,97413.3,53891.5,87129.90000000001,907778.25,13656.649999999972,921434.9,0.010041829538055547,-0.07856509999999994
2026-03-19,1384.8,798.2,1250.1,1048.9,2356.0,1220.8,298.0,3434.5,4037.9,832.2,148173.6,123721.0,87507.0,62934.00000000001,110732.0,79352.0,35760.0,92731.5,52492.700000000004,82387.8,875791.6,13656.649999999972,889448.25,-0.034713955375469285,-0.11055174999999995
2026-03-20,1414.4,780.45,1245.4,1058.0,2390.6,1255.9,299.95,3434.8,4106.6,830.55,151340.80000000002,120969.75,87178.0,63480.0,112358.2,81633.5,35994.0,92739.6,53385.8,82224.45,881304.1,13656.649999999972,894960.75,0.0061976624272406244,-0.10503925000000003
2026-03-23,1407.8,744.15,1222.7,1031.9,2383.8,1256.8,290.45,3342.4,3853.1,812.6,150634.6,115343.25,85589.0,61914.00000000001,112038.6,81692.0,34854.0,90244.8,50090.299999999996,80447.40000000001,862847.9500000001,13656.649999999972,876504.6000000001,-0.02062230103387208,-0.12349539999999992
2026-03-24,1411.8,764.9,1251.2,1030.8,2398.8,1278.3,291.25,3516.8,3899.5,849.0,151062.6,118559.5,87584.0,61848.0,112743.6,83089.5,34950.0,94953.6,50693.5,84051.0,879535.2999999999,13656.649999999972,893191.95,0.01903851959248115,-0.10680805000000004
2026-03-25,1413.1,782.3,1259.7,1060.6,2377.4,1279.1,295.7,3649.3,4039.3,882.75,151201.69999999998,121256.5,88179.0,63635.99999999999,111737.8,83141.5,35484.0,98531.1,52510.9,87392.25,893070.75,13656.649999999972,906727.4,0.015154021484407698,-0.09327259999999993
2026-03-27,1348.1,756.2,1233.8,1019.5,2389.8,1269.7,294.7,3564.1,3981.5,843.8,144246.69999999998,117211.0,86366.0,61170.0,112320.6,82530.5,35364.0,96230.7,51759.5,83536.2,870735.1999999998,13656.649999999972,884391.8499999999,-0.02463314773547176,-0.11560815000000013
2026-03-30,1343.9,731.55,1205.9,979.4,2358.9,1250.6,287.7,3504.1,3951.4,801.55,143797.30000000002,113390.25,84413.0,58764.0,110868.3,81289.0,34524.0,94610.7,51368.200000000004,79353.45,852378.2,13656.649999999972,866034.85,-0.020756636325854783,-0.13396514999999998
2026-04-01,1369.2,742.25,1212.7,1017.8,2408.2,1275.7,291.7,3607.5,4065.5,817.3,146504.4,115048.75,84889.0,61068.0,113185.4,82920.5,35004.0,97402.5,52851.5,80912.7,869786.75,13656.649999999972,883443.4,0.020101442799905778,-0.11655660000000001
2026-04-02,1350.5,750.9,1215.8,1018.4,2450.7,1300.8,292.85,3613.1,4097.2,826.85,144503.5,116389.5,85106.0,61104.0,115182.9,84552.0,35142.0,97553.7,53263.6,81858.15000000001,874655.35,13656.649999999972,888312.0,0.005510935958093155,-0.11168800000000001
2026-04-06,1304.7,771.0,1231.4,1032.75,2473.9,1306.2,294.85,3727.7,4246.1,850.85,139602.9,119505.0,86198.0,61965.0,116273.3,84903.0,35382.0,100647.9,55199.3,84234.15000000001,883910.55,13656.649999999972,897567.2000000001,0.010418861841335003,-0.10243279999999988
2026-04-07,1304.6,772.0,1245.5,1030.4,2539.8,1339.4,298.45,3723.3,4230.6,855.1,139592.19999999998,119660.0,87185.0,61824.00000000001,119370.6,87061.0,35814.0,100529.1,54997.8,84654.90000000001,890688.6,13656.649999999972,904345.25,0.007551579424916577,-0.09565475000000001
2026-04-08,1347.8,816.1,1309.2,1061.45,2559.2,1346.2,302.45,4005.9,4492.5,915.05,144214.6,126495.5,91644.0,63687.0,120282.4,87503.0,36294.0,108159.3,58402.5,90589.95,927272.25,13656.649999999972,940928.9,0.04045318975247558,-0.05907109999999993
2026-04-09,1330.0,797.7,1281.3,1040.95,2589.0,1331.6,303.0,3896.2,4439.8,903.25,142310.0,123643.5,89691.0,62457.0,121683.0,86554.0,36360.0,105197.4,57717.4,89421.75,915035.05,13656.649999999972,928691.7000000001,-0.013005446001286503,-0.07130829999999988
2026-04-10,1350.2,810.3,1321.9,1066.7,2524.3,1292.5,304.25,3959.9,4505.0,924.55,144471.4,125596.5,92533.0,64002.0,118642.1,84012.5,36510.0,106917.3,58565.0,91530.45,922780.25,13656.649999999972,936436.9,0.008339904405304743,-0.06356309999999998
2026-04-13,1315.1,794.7,1351.1,1063.55,2472.6,1276.8,298.65,3954.3,4439.3,898.95,140715.69999999998,123178.5,94577.0,63813.0,116212.2,82992.0,35838.0,106766.1,57710.9,88996.05,910799.45,13656.649999999972,924456.1,-0.01279402808667629,-0.0755439
2026-04-15,1344.1,809.9,1348.1,1071.5,2554.9,1305.3,302.05,4076.3,4522.2,913.15,143818.69999999998,125534.5,94367.0,64290.0,120080.3,84844.5,36246.0,110060.1,58788.6,90401.84999999999,928431.5499999999,13656.649999999972,942088.2,0.019072944621167043,-0.05791180000000007
2026-04-16,1343.3,795.45,1345.5,1067.15,2576.9,1319.2,303.4,4119.8,4461.4,905.9,143733.1,123294.75,94185.0,64029.00000000001,121114.3,85748.0,36408.0,111234.6,57998.2,89684.09999999999,927429.0499999999,13656.649999999972,941085.7,-0.0010641254184056148,-0.058914300000000086
2026-04-17,1365.0,799.9,1346.8,1080.25,2581.5,1318.7,306.8,4096.1,4525.9,908.25,146055.0,123984.5,94276.0,64815.0,121330.5,85715.5,36816.0,110594.70000000001,58836.7,89916.75,932340.6499999999,13656.649999999972,945997.2999999999,0.005219078347487249,-0.05400270000000007
2026-04-20,1363.3,795.45,1356.2,1107.85,2579.6,1312.6,305.0,4051.0,4513.0,917.75,145873.1,123294.75,94934.0,66471.0,121241.2,85319.0,36600.0,109377.0,58669.0,90857.25,932636.2999999999,13656.649999999972,946292.95,0.00031252731905273556,-0.05370705000000009
2026-04-21,1353.3,811.75,1388.4,1111.85,2610.5,1313.2,309.65,4075.4,4479.7,938.85,144803.1,125821.25,97188.0,66711.0,122693.5,85358.0,37158.0,110035.8,58236.1,92946.15000000001,940950.9,13656.649999999972,954607.55,0.008786496824265688,-0.04539244999999992
2026-04-22,1362.1,799.9,1367.6,1103.3,2538.5,1268.6,305.5,4021.1,4454.6,934.75,145744.69999999998,123984.5,95732.0,66198.0,119309.5,82459.0,36660.0,108569.7,57909.8,92540.25,929107.45,13656.649999999972,942764.1,-0.012406616729566111,-0.057235900000000006
2026-04-23,1343.4,784.35,1348.0,1094.25,2521.8,1240.6,305.3,4054.1,4456.5,918.35,143743.80000000002,121574.25,94360.0,65655.0,118524.6,80639.0,36636.0,109460.7,57934.5,90916.65000000001,919444.5,13656.649999999972,933101.15,-0.010249594781981952,-0.06689884999999995
2026-04-24,1327.8,784.85,1326.2,1101.1,2396.9,1154.6,301.6,4014.3,4410.0,921.55,142074.6,121651.75,92834.0,66066.0,112654.3,75049.0,36192.0,108386.1,57330.0,91233.45,903471.2,13656.649999999972,917127.85,-0.01711850853468566,-0.08287215000000003
2026-04-27,1365.8,789.8,1314.1,1111.85,2447.6,1170.3,303.85,4053.6,4441.8,921.8,146140.6,122419.0,91987.0,66711.0,115037.2,76069.5,36462.0,109447.2,57743.4,91258.2,913275.0999999999,13656.649999999972,926931.7499999999,0.010689785508094518,-0.07306825000000017
2026-04-28,1388.9,782.55,1292.0,1091.3,2444.7,1152.1,304.45,4037.7,4417.0,923.65,148612.30000000002,121295.25,90440.0,65478.0,114900.9,74886.5,36534.0,109017.9,57421.0,91441.34999999999,910027.2000000001,13656.649999999972,923683.8500000001,-0.003503925720528822,-0.07631614999999992
2026-04-29,1425.4,779.0,1281.0,1086.9,2474.7,1167.5,316.25,4096.1,4439.8,930.0,152517.80000000002,120745.0,89670.0,65214.00000000001,116310.9,75887.5,37950.0,110594.70000000001,57717.4,92070.0,918677.3000000002,13656.649999999972,932333.9500000002,0.009364784281981509,-0.06766604999999981
2026-04-30,1430.8,771.7,1263.4,1068.45,2473.9,1181.8,314.9,4014.0,4385.2,937.0,153095.6,119613.5,88438.0,64107.0,116273.3,76817.0,37788.0,108378.0,57007.6,92763.0,914281.0,13656.649999999972,927937.65,-0.004715370495733007,-0.07206234999999994
2026-05-04,1463.1,779.4,1270.8,1068.4,2431.3,1168.4,311.1,4100.8,4363.0,950.2,156551.69999999998,120807.0,88956.0,64104.00000000001,114271.1,75946.0,37332.0,110721.6,56719.0,94069.8,919478.2,13656.649999999972,933134.85,0.0056008073387257,-0.06686515000000004
2026-05-05,1463.6,772.3,1251.3,1059.9,2427.3,1178.1,311.45,4054.5,4373.6,958.6,156605.19999999998,119706.5,87591.0,63594.00000000001,114083.1,76576.5,37374.0,109471.5,56856.8,94901.40000000001,916760.0,13656.649999999972,930416.65,-0.002912976618545504,-0.06958334999999993
2026-05-06,1437.9,796.55,1279.5,1096.0,2435.4,1167.2,310.7,4008.5,4359.6,980.75,153855.30000000002,123465.25,89565.0,65760.0,114463.8,75868.0,37284.0,108229.5,56674.8,97094.25,922259.9000000001,13656.649999999972,935916.5500000002,0.005911222676421524,-0.06408344999999982
2026-05-07,1436.2,796.05,1279.0,1092.0,2401.4,1162.7,307.4,4023.0,4307.5,972.75,153673.4,123387.75,89530.0,65520.0,112865.8,75575.5,36888.0,108621.0,55997.5,96302.25,918361.2000000001,13656.649999999972,932017.8500000001,-0.004165649170324026,-0.06798214999999985
2026-05-08,1435.2,780.85,1264.8,1019.3,2394.4,1179.2,307.45,3974.5,4509.0,955.35,153566.4,121031.75,88536.0,61158.0,112536.8,76648.0,36894.0,107311.5,58617.0,94579.65000000001,910879.1000000001,13656.649999999972,924535.7500000001,-0.00802785053955779,-0.0754642499999999
2026-05-11,1388.2,763.65,1266.4,973.6,2392.9,1177.0,305.85,3940.2,4205.6,936.05,148537.4,118365.75,88648.0,58416.0,112466.3,76505.0,36702.0,106385.4,54672.8,92668.95,893367.6000000001,13656.649999999972,907024.2500000001,-0.01894085761421338,-0.09297574999999991
2026-05-12,1364.0,750.45,1240.3,974.6,2300.3,1140.3,300.7,3856.5,4055.3,904.2,145948.0,116319.75,86821.0,58476.0,108114.1,74119.5,36084.0,104125.5,52718.9,89515.8,872242.55,13656.649999999972,885899.2000000001,-0.023290501880186776,-0.11410079999999989
2026-05-13,1358.8,749.6,1235.6,970.1,2272.8,1123.1,304.45,3915.8,4090.7,896.15,145391.6,116188.0,86492.0,58206.0,106821.6,73001.5,36534.0,105726.6,53179.1,88718.84999999999,870259.2499999999,13656.649999999972,883915.8999999999,-0.0022387422858042294,-0.11608410000000013
2026-05-14,1361.8,769.55,1246.0,979.9,2246.0,1095.0,307.2,3940.4,4135.2,912.15,145712.6,119280.25,87220.0,58794.0,105562.0,71175.0,36864.0,106390.8,53757.6,90302.84999999999,875059.1,13656.649999999972,888715.75,0.005430211177330335,-0.11128424999999997
2026-05-15,1336.4,767.5,1244.5,963.2,2264.0,1119.0,309.45,3909.0,4169.1,910.45,142994.80000000002,118962.5,87115.0,57792.0,106408.0,72735.0,37134.0,105543.0,54198.3,90134.55,873017.1500000001,13656.649999999972,886673.8000000002,-0.0022976412874418095,-0.11332619999999982
2026-05-18,1335.9,768.65,1251.1,939.4,2283.2,1142.5,310.15,3917.8,4169.7,921.1,142941.30000000002,119140.75,87577.0,56364.0,107310.4,74262.5,37218.0,105780.6,54206.1,91188.90000000001,875989.55,13656.649999999972,889646.2000000001,0.0033523038574050368,-0.11035379999999995
2026-05-19,1322.7,762.45,1240.8,948.8,2327.1,1196.9,310.3,3921.0,4102.0,923.55,141528.9,118179.75,86856.0,56928.0,109373.7,77798.5,37236.0,105867.0,53326.0,91431.45,878525.3,13656.649999999972,892181.9500000001,0.002850290373858755,-0.10781804999999989
2026-05-20,1359.7,759.5,1237.3,950.9,2327.4,1193.7,307.55,3910.7,4106.4,923.1,145487.9,117722.5,86611.0,57054.0,109387.8,77590.5,36906.0,105588.9,53383.2,91386.90000000001,881118.7,13656.649999999972,894775.35,0.002906806173337051,-0.10522465000000003
2026-05-21,1349.6,759.15,1242.8,950.9,2327.2,1181.2,308.05,3928.5,4083.1,907.65,144407.19999999998,117668.25,86996.0,57054.0,109378.4,76778.0,36966.0,106069.5,53080.299999999996,89857.34999999999,878255.0,13656.649999999972,891911.65,-0.0032004681398520862,-0.10808834999999994
2026-05-22,1354.5,766.8,1264.3,949.2,2317.3,1174.5,301.7,3926.6,4079.8,916.55,144931.5,118854.0,88501.0,56952.0,108913.1,76342.5,36204.0,106018.2,53037.4,90738.45,880492.1499999999,13656.649999999972,894148.7999999999,0.0025082641313183274,-0.10585120000000003
2026-05-25,1367.0,786.85,1291.8,969.6,2308.2,1168.5,303.95,4033.4,4159.2,941.9,146269.0,121961.75,90426.0,58176.0,108485.4,75952.5,36474.0,108901.8,54069.6,93248.09999999999,893964.15,13656.649999999972,907620.8,0.015066843460507018,-0.0923792
2026-05-26,1356.3,778.9,1279.1,968.5,2276.2,1167.7,301.65,4037.8,4105.9,930.2,145124.1,120729.5,89537.0,58110.0,106981.4,75900.5,36198.0,109020.6,53376.7,92089.8,887067.6,13656.649999999972,900724.25,-0.007598492674473767,-0.09927575
2026-05-27,1350.5,758.65,1272.7,967.8,2284.2,1159.9,291.95,4047.5,4137.9,931.15,144503.5,117590.75,89089.0,58068.0,107357.4,75393.5,35034.0,109282.5,53792.7,92183.84999999999,882295.2,13656.649999999972,895951.85,-0.005298402924091339,-0.10404815
2026-05-29,1321.2,744.55,1256.4,964.4,2258.9,1160.9,286.9,4076.5,4074.9,908.25,141368.4,115405.25,87948.0,57864.0,106168.3,75458.5,34428.0,110065.5,52973.700000000004,89916.75,871596.3999999999,13656.649999999972,885253.0499999999,-0.011941266709812659,-0.11474695000000013
2026-06-01,1320.0,742.7,1239.7,954.1,2297.4,1202.5,279.65,4010.8,4024.6,889.05,141240.0,115118.5,86779.0,57246.0,107977.8,78162.5,33558.0,108291.6,52319.799999999996,88015.95,868709.15,13656.649999999972,882365.8,-0.003261496811561293,-0.11763419999999991
2026-06-02,1314.6,748.25,1226.6,956.65,2446.9,1270.8,283.25,4000.9,4078.1,882.0,140662.19999999998,115978.75,85862.0,57399.0,115004.3,82602.0,33990.0,108024.3,53015.299999999996,87318.0,879855.8500000001,13656.649999999972,893512.5000000001,0.0126327425654984,-0.10648749999999985
2026-06-03,1313.2,753.65,1242.0,970.45,2241.7,1222.6,277.0,3953.2,4088.8,876.8,140512.4,116815.75,86940.0,58227.0,105359.9,79469.0,33240.0,106736.4,53154.4,86803.2,867258.05,13656.649999999972,880914.7000000001,-0.014099187196597751,-0.11908529999999995
2026-06-04,1303.7,754.2,1251.7,979.25,2241.0,1201.3,280.3,3942.1,4231.0,874.4,139495.9,116901.0,87619.0,58755.0,105327.0,78084.5,33636.0,106436.7,55003.0,86565.59999999999,867823.7,13656.649999999972,881480.35,0.0006421166544274826,-0.11851964999999998
2026-06-05,1291.0,747.05,1262.1,977.7,2198.9,1197.5,280.7,3953.2,4260.2,889.4,138137.0,115792.75,88347.0,58662.0,103348.3,77837.5,33684.0,106736.4,55382.6,88050.59999999999,865978.15,13656.649999999972,879634.8,-0.0020936938639640745,-0.12036519999999995
2026-06-08,1263.3,738.65,1250.2,981.95,2151.4,1187.6,279.45,3875.5,4192.4,871.1,135173.1,114490.75,87514.0,58917.0,101115.8,77194.0,33534.0,104638.5,54501.2,86238.90000000001,853317.2499999999,13656.649999999972,866973.8999999999,-0.014393359607873801,-0.13302610000000015
2026-06-09,1269.2,738.35,1275.0,1002.7,2151.0,1180.3,280.0,3900.6,4104.9,886.9,135804.4,114444.25,89250.0,60162.0,101097.0,76719.5,33600.0,105316.2,53363.7,87803.09999999999,857560.1499999999,13656.649999999972,871216.7999999999,0.004893918951885512,-0.1287832000000001
2026-06-10,1258.8,746.85,1293.3,1003.25,2153.9,1145.3,283.65,3917.5,4042.1,884.1,134691.6,115761.75,90531.0,60195.0,101233.3,74444.5,34038.0,105772.5,52547.299999999996,87525.90000000001,856740.85,13656.649999999972,870397.5,-0.0009404088626389084,-0.12960249999999995
2026-06-11,1263.0,744.6,1317.0,1000.7,2135.6,1114.6,282.4,3862.0,4025.2,870.55,135141.0,115413.0,92190.0,60042.0,100373.2,72449.0,33888.0,104274.0,52327.6,86184.45,852282.2499999999,13656.649999999972,865938.8999999999,-0.005122487139496701,-0.13406110000000004
2026-06-12,1293.0,772.45,1340.8,1017.15,2161.4,1116.4,285.1,4049.3,4184.0,918.3,138351.0,119729.75,93856.0,61029.0,101585.8,72566.0,34212.0,109331.1,54392.0,90911.7,875964.35,13656.649999999972,889621.0,0.027348465347843964,-0.110379
2026-06-15,1307.0,777.35,1327.6,1020.85,2162.0,1134.9,287.9,4169.8,4283.5,942.3,139849.0,120489.25,92932.0,61251.0,101614.0,73768.5,34548.0,112584.6,55685.5,93287.7,886009.5499999999,13656.649999999972,899666.2,0.011291549997133554,-0.10033380000000003
2026-06-16,1328.8,784.9,1334.3,1015.3,2199.0,1143.6,291.65,4186.4,4338.0,959.65,142181.6,121659.5,93401.0,60918.0,103353.0,74334.0,34998.0,113032.79999999999,56394.0,95005.34999999999,895277.2499999999,13656.649999999972,908933.8999999999,0.010301265069200038,-0.09106610000000004
2026-06-17,1332.7,787.1,1336.8,1026.5,2223.0,1157.7,290.75,4207.7,4380.5,958.4,142598.9,122000.5,93576.0,61590.0,104481.0,75250.5,34890.0,113607.9,56946.5,94881.59999999999,899822.9,13656.649999999972,913479.55,0.005001078736308617,-0.08652044999999997
2026-06-18,1328.1,799.0,1342.3,1042.7,2203.3,1127.5,291.15,4190.0,4387.9,958.85,142106.69999999998,123845.0,93961.0,62562.0,103555.1,73287.5,34938.0,113130.0,57042.7,94926.15000000001,899354.1499999999,13656.649999999972,913010.7999999999,-0.0005131477765430992,-0.0869892000000001
2026-06-19,1309.5,779.8,1346.5,1035.1,2125.0,1051.4,292.5,4209.4,4419.9,961.8,140116.5,120869.0,94255.0,62105.99999999999,99875.0,68341.0,35100.0,113653.79999999999,57458.7,95218.2,886993.2,13656.649999999972,900649.85,-0.013538667888704059,-0.09935015000000003
2026-06-22,1326.5,786.4,1352.4,1040.75,2127.8,1065.4,291.25,4201.3,4372.5,968.3,141935.5,121892.0,94668.0,62445.0,100006.6,69251.0,34950.0,113435.1,56842.5,95861.7,891287.3999999999,13656.649999999972,904944.0499999999,0.004767890651400153,-0.09505595000000011
2026-06-23,1309.5,774.65,1338.3,1024.2,2059.6,1029.3,290.0,4179.4,4305.3,962.4,140116.5,120070.75,93681.0,61452.0,96801.2,66904.5,34800.0,112843.79999999999,55968.9,95277.59999999999,877916.25,13656.649999999972,891572.9,-0.014775664860164461,-0.1084271
2026-06-24,1313.6,793.2,1373.6,1034.6,2109.0,1056.6,290.35,4181.7,4323.8,990.95,140555.19999999998,122946.0,96152.0,62075.99999999999,99123.0,68679.0,34842.0,112905.9,56209.4,98104.05,891592.55,13656.649999999972,905249.2000000001,0.015339519628737142,-0.09475079999999991
2026-06-25,1318.1,796.3,1387.5,1045.4,2094.7,1041.2,290.0,4216.4,4291.3,980.4,141036.69999999998,123426.5,97125.0,62724.00000000001,98450.9,67678.0,34800.0,113842.79999999999,55786.9,97059.59999999999,891930.3999999999,13656.649999999972,905587.0499999999,0.0003732121497592722,-0.09441295000000005
2026-06-29,1301.0,798.9,1387.6,1036.1,2097.9,1036.7,290.7,4165.2,4277.2,982.05,139207.0,123829.5,97132.0,62165.99999999999,98601.3,67385.5,34884.0,112460.4,55603.6,97222.95,888492.25,13656.649999999972,902148.9,-0.0037965980189313964,-0.09785109999999997
2026-06-30,1293.9,797.95,1375.2,1026.9,2031.5,1000.4,286.95,4143.4,4404.0,1004.75,138447.30000000002,123682.25,96264.0,61614.00000000001,95480.5,65026.0,34434.0,111871.79999999999,57252.0,99470.25,883542.1000000001,13656.649999999972,897198.7500000001,-0.005487065383552481,-0.10280124999999984
2026-07-01,1308.0,796.15,1379.8,1047.4,1982.6,985.3,290.3,4092.6,4398.6,1014.9,139956.0,123403.25,96586.0,62844.00000000001,93182.2,64044.5,34836.0,110500.2,57181.8,100475.09999999999,883009.0499999999,13656.649999999972,896665.7,-0.0005941269980593855,-0.1033343000000001
2026-07-02,1303.5,795.9,1400.0,1051.6,2068.1,1040.9,289.9,4059.4,4481.1,1018.4,139474.5,123364.5,98000.0,63095.99999999999,97200.7,67658.5,34788.0,109603.8,58254.3,100821.59999999999,892261.9,13656.649999999972,905918.55,0.01031917469353405,-0.0940814499999999
2026-07-03,1304.0,801.05,1411.4,1040.0,2093.5,1047.2,289.95,4026.6,4461.1,1031.4,139528.0,124162.75,98798.0,62400.0,98394.5,68068.0,34794.0,108718.2,57994.3,102108.6,894966.35,13656.649999999972,908623.0,0.0029853125316838813,-0.09137700000000004
2026-07-06,1321.3,829.85,1426.9,1037.7,2057.6,1042.2,288.25,4041.0,4484.4,1029.1,141379.1,128626.75,99883.0,62262.0,96707.2,67743.0,34590.0,109107.0,58297.2,101880.9,900476.1499999999,13656.649999999972,914132.7999999999,0.006063901089890855,-0.08586720000000003
2026-07-07,1308.4,829.3,1414.7,1038.1,2096.1,1071.8,288.75,3991.9,4604.2,1042.5,139998.80000000002,128541.5,99029.0,62285.99999999999,98516.7,69667.0,34650.0,107781.3,59854.6,103207.5,903532.4,13656.649999999972,917189.05,0.0033433326098790683,-0.08281094999999994
2026-07-08,1275.9,810.3,1380.6,1016.9,2057.5,1069.3,280.65,3892.1,4586.4,1010.4,136521.30000000002,125596.5,96642.0,61014.0,96702.5,69504.5,33678.0,105086.7,59623.2,100029.59999999999,884398.2999999999,13656.649999999972,898054.95,-0.020861675136658153,-0.10194505000000009
2026-07-09,1279.8,817.55,1380.7,1022.1,2049.5,1050.8,282.05,3886.0,4555.8,1003.8,136938.6,126720.25,96649.0,61326.0,96326.5,68302.0,33846.0,104922.0,59225.4,99376.2,883631.95,13656.649999999972,897288.6,-0.0008533442190814533,-0.10271140000000001
2026-07-10,1307.8,824.95,1401.2,1036.0,2069.0,1068.0,281.75,3945.8,4584.4,1020.5,139934.6,127867.25,98084.0,62160.0,97243.0,69420.0,33810.0,106536.6,59597.2,101029.5,895682.1499999999,13656.649999999972,909338.7999999999,0.013429569928783192,-0.09066120000000011
2026-07-13,1296.9,817.95,1409.5,1037.0,2181.5,1102.6,279.65,3928.5,4601.5,1022.6,138768.30000000002,126782.25,98665.0,62220.0,102530.5,71669.0,33558.0,106069.5,59819.5,101237.40000000001,901319.4500000001,13656.649999999972,914976.1000000001,0.006199339564087802,-0.08502389999999993
2026-07-14,1293.0,809.4,1407.7,1015.4,2200.6,1092.9,275.55,3848.7,4573.7,1006.6,138351.0,125457.0,98539.0,60924.0,103428.2,71038.5,33066.0,103914.9,59458.1,99653.40000000001,893830.1,13656.649999999972,907486.75,-0.008185295768927792,-0.09251324999999999
2026-07-15,1295.5,815.45,1416.2,1030.1,2189.2,1076.3,276.65,3783.9,4579.4,1021.3,138618.5,126394.75,99134.0,61805.99999999999,102892.4,69959.5,33198.0,102165.3,59532.2,101108.7,894809.35,13656.649999999972,908466.0,0.001079079116031112,-0.091534
2026-07-16,1296.6,808.3,1418.2,1031.2,2201.0,1082.4,279.35,3775.6,4625.8,1037.6,138736.19999999998,125286.5,99274.0,61872.0,103447.0,70356.0,33522.0,101941.2,60135.4,102722.4,897292.7,13656.649999999972,910949.35,0.0027335640519292603,-0.08905065000000001
2026-07-17,1327.2,819.6,1444.3,1044.3,2269.0,1096.5,280.7,3814.5,4638.1,1056.3,142010.4,127038.0,101101.0,62658.0,106643.0,71272.5,33684.0,102991.5,60295.3,104573.7,912267.4,13656.649999999972,925924.05,0.01643856488837714,-0.07407595
2026-07-20,1323.1,777.6,1460.2,1060.0,2251.1,1087.1,282.7,3838.8,4643.4,1064.0,141571.69999999998,120528.0,102214.0,63600.0,105801.7,70661.5,33924.0,103647.6,60364.2,105336.0,907648.6999999998,13656.649999999972,921305.3499999999,-0.00498820610610573,-0.07869465000000009
2026-07-21,1303.7,761.45,1463.1,1044.4,2221.1,1073.5,281.0,3846.6,4688.7,1069.2,139495.9,118024.75,102417.0,62664.00000000001,104391.7,69777.5,33720.0,103858.2,60953.1,105850.8,901152.95,13656.649999999972,914809.6,-0.007050594029438639,-0.0851904
2026-07-22,1288.6,753.15,1440.7,1025.0,2208.3,1052.1,280.8,3817.4,4711.6,1060.3,137880.19999999998,116738.25,100849.0,61500.0,103790.1,68386.5,33696.0,103069.8,61250.8,104969.7,892130.35,13656.649999999972,905787.0,-0.009862817355655196,-0.09421299999999999
2026-07-23,1272.2,747.25,1434.6,1012.6,2242.9,1047.4,281.3,3792.4,4697.3,1039.8,136125.4,115823.75,100422.0,60756.0,105416.3,68081.0,33756.0,102394.8,61064.9,102940.2,886780.35,13656.649999999972,900437.0,-0.005906465868907418,-0.09956299999999996
2026-07-24,1278.0,742.8,1432.9,1015.0,2254.3,1040.9,283.45,3785.6,4677.0,1012.8,136746.0,115134.0,100303.0,60900.0,105952.1,67658.5,34014.0,102211.2,60801.0,100267.2,883986.9999999999,13656.649999999972,897643.6499999999,-0.0031022159240459146,-0.1023563500000001
2026-07-27,1280.0,739.55,1445.7,1020.6,2295.6,1079.2,285.85,3806.0,4740.1,1048.3,136960.0,114630.25,101199.0,61236.0,107893.2,70148.0,34302.0,102762.0,61621.3,103781.7,894533.45,13656.649999999972,908190.1,0.011749038719318206,-0.0918099
2026-07-28,1267.7,735.4,1430.8,1013.2,2398.0,1105.7,284.65,3832.0,4849.7,1048.4,135643.9,113987.0,100156.0,60792.0,112706.0,71870.5,34158.0,103464.0,63046.1,103791.6,899615.1,13656.649999999972,913271.75,0.005595359385661691,-0.08672824999999995
2026-07-29,1275.9,748.2,1437.9,1013.7,2446.6,1155.6,286.25,3931.4,4850.2,1054.4,136521.30000000002,115971.0,100653.0,60822.0,114990.2,75114.0,34350.0,106147.8,63052.6,104385.6,912007.5,13656.649999999972,925664.15,0.013569236100864801,-0.07433584999999998
2026-07-30,1292.9,753.95,1433.9,1025.3,2431.8,1155.1,285.05,3937.7,4850.0,1053.5,138340.30000000002,116862.25,100373.0,61518.0,114294.6,75081.5,34206.0,106317.9,63050.0,104296.5,914340.05,13656.649999999972,927996.7000000001,0.0025198664115921865,-0.07200329999999988
2026-07-31,1307.8,748.15,1435.4,1027.4,2365.6,1130.1,281.0,3938.9,4875.2,1141.2,139934.6,115963.25,100478.0,61644.00000000001,111183.2,73456.5,33720.0,106350.3,63377.6,112978.8,919086.25,13656.649999999972,932742.9,0.005114457842360753,-0.06725709999999996
2026-08-03,1319.0,753.0,1460.0,1045.0,2473.7,1180.0,287.0,4025.0,5000.0,1153.0,141133.0,116715.0,102200.0,62700.0,116263.9,76700.0,34440.0,108675.0,65000.0,114147.0,937973.9,13656.649999999972,951630.55,0.02024957788475268,-0.048369449999999925
2026-08-04,1290.9,742.0,1454.6,1042.7,2460.0,1167.5,289.0,3990.0,4935.0,1149.0,138126.30000000002,115010.0,101822.0,62562.0,115620.0,75887.5,34680.0,107730.0,64155.0,113751.0,929343.8,13656.649999999972,943000.4500000001,-0.009068750472544185,-0.0569995499999999
2026-08-05,1280.0,735.0,1450.1,1055.0,2413.0,1174.0,286.95,4057.0,4912.4,1158.8,136960.0,113925.0,101507.0,63300.0,113411.0,76310.0,34434.0,109539.0,63861.2,114721.2,927968.3999999999,13656.649999999972,941625.0499999999,-0.001458535889352075,-0.05837495000000004
2026-08-06,1325.0,734.3,1457.5,1085.0,2373.0,1165.0,285.9,4061.8,4998.0,1144.8,141775.0,113816.5,102025.0,65100.0,111531.0,75725.0,34308.0,109668.6,64974.0,113335.2,932258.2999999999,13656.649999999972,945914.95,0.00455584736196224,-0.05408505000000008
2026-08-07,1334.8,731.0,1421.0,1097.2,2452.7,1175.1,286.1,4056.0,4941.0,1078.0,142823.6,113305.0,99470.0,65832.0,115276.9,76381.5,34332.0,109512.0,64233.0,106722.0,927888.0,13656.649999999972,941544.65,-0.004620182818761753,-0.05845535000000002
2026-08-10,1327.3,731.0,1431.8,1071.0,2425.7,1183.0,282.65,4080.0,5090.0,1102.2,142021.1,113305.0,100226.0,64260.0,114007.9,76895.0,33918.0,110160.0,66170.0,109117.8,930080.8,13656.649999999972,943737.4500000001,0.0023289389409202332,-0.05626254999999991
2026-08-11,1323.9,729.0,1429.6,1066.0,2445.7,1190.7,279.0,4037.4,5128.0,1093.3,141657.30000000002,112995.0,100072.0,63960.0,114947.9,77395.5,33480.0,109009.8,66664.0,108236.7,928418.2000000001,13656.649999999972,942074.8500000001,-0.0017617187915982546,-0.05792514999999987
2026-08-12,1329.0,729.0,1431.7,1082.0,2349.7,1176.1,276.15,4020.0,5099.0,1094.2,142203.0,112995.0,100219.0,64920.0,110435.9,76446.5,33138.0,108540.0,66287.0,108325.8,923510.2000000001,13656.649999999972,937166.8500000001,-0.005209777121212844,-0.0628331499999999
2026-08-13,1317.0,725.0,1406.8,1083.0,2375.0,1175.0,278.5,4070.7,5063.7,1090.8,140919.0,112375.0,98476.0,64980.0,111625.0,76375.0,33420.0,109908.9,65828.09999999999,107989.2,921896.2,13656.649999999972,935552.85,-0.00172221200525835,-0.06444715000000001
2026-08-14,1310.0,727.0,1417.0,1067.7,2361.0,1169.2,278.2,4057.0,5056.2,1087.0,140170.0,112685.0,99190.0,64062.0,110967.0,75998.0,33384.0,109539.0,65730.59999999999,107613.0,919338.6,13656.649999999972,932995.25,-0.0027337846279875677,-0.06700474999999995
2026-08-17,1316.0,729.0,1415.3,1061.2,2313.2,1139.9,273.05,4086.7,5068.5,1089.3,140812.0,112995.0,99071.0,63672.0,108720.4,74093.5,32766.0,110340.9,65890.5,107840.7,916202.0,13656.649999999972,929858.65,-0.0033618606311232035,-0.07014134999999999
2026-08-18,1322.0,723.0,1412.0,1053.0,2280.0,1115.0,270.0,4064.3,5048.6,1094.3,141454.0,112065.0,98840.0,63180.0,107160.0,72475.0,32400.0,109736.1,65631.8,108335.7,911277.6,13656.649999999972,924934.25,-0.005295858677015097,-0.07506575000000004
2026-08-19,1311.0,720.0,1402.0,1048.6,2289.0,1119.8,267.05,4041.3,5068.0,1080.2,140277.0,111600.0,98140.0,62915.99999999999,107583.0,72787.0,32046.0,109115.1,65884.0,106939.8,907287.9,13656.649999999972,920944.55,-0.004313495797133693,-0.07905544999999992
2026-08-20,1313.2,725.05,1411.9,1048.0,2298.0,1130.0,271.65,4081.0,5068.0,1095.0,140512.4,112382.75,98833.0,62880.0,108006.0,73450.0,32597.999999999996,110187.0,65884.0,108405.0,913138.15,13656.649999999972,926794.8,0.006352445432246778,-0.07320519999999997
2026-08-21,1316.0,726.95,1420.0,1048.7,2302.0,1121.0,269.4,4093.0,5086.1,1095.0,140812.0,112677.25,99400.0,62922.0,108194.0,72865.0,32327.999999999996,110511.0,66119.3,108405.0,914233.55,13656.649999999972,927890.2000000001,0.0011819229024592204,-0.07210979999999989
2026-08-24,1309.8,729.0,1415.0,1039.5,2284.1,1130.0,269.7,4090.0,5079.0,1077.0,140148.6,112995.0,99050.0,62370.0,107352.7,73450.0,32364.0,110430.0,66027.0,106623.0,910810.3,13656.649999999972,924466.9500000001,-0.003689283494965223,-0.07553304999999988
2026-08-25,1317.0,727.5,1422.7,1048.0,2296.2,1144.0,271.4,4119.0,5124.8,1087.4,140919.0,112762.5,99589.0,62880.0,107921.4,74360.0,32567.999999999996,111213.0,66622.40000000001,107652.6,916487.9,13656.649999999972,930144.55,0.0061414851012251415,-0.06985544999999993
2026-08-26,1298.0,727.2,1430.0,1052.0,2270.0,1120.0,270.25,4038.1,5100.0,1085.0,138886.0,112716.0,100100.0,63120.0,106690.0,72800.0,32430.0,109028.7,66300.0,107415.0,909485.7,13656.649999999972,923142.35,-0.007528077221975904,-0.07685765
2026-08-27,1282.2,711.0,1443.0,1042.9,2248.4,1110.8,269.0,4027.0,5139.3,1083.0,137195.4,110205.0,101010.0,62574.00000000001,105674.8,72202.0,32280.0,108729.0,66810.90000000001,107217.0,903898.1,13656.649999999972,917554.75,-0.006052804315607396,-0.08244525000000003
2026-08-28,1287.0,720.3,1422.8,1047.5,2342.0,1144.0,266.0,4045.8,5169.2,1079.9,137709.0,111646.5,99596.0,62850.0,110074.0,74360.0,31920.0,109236.6,67199.59999999999,106910.1,911501.7999999999,13656.649999999972,925158.45,0.008286916938743838,-0.07484155000000003
2026-08-31,1277.0,709.0,1454.0,1060.0,2399.3,1133.8,255.5,4044.9,5102.4,1057.0,136639.0,109895.0,101780.0,63600.0,112767.1,73697.0,30660.0,109212.3,66331.2,104643.0,909224.6,13656.649999999972,922881.25,-0.0024614162038945064,-0.07711875000000001
2026-09-01,1309.0,711.9,1438.0,1034.5,2369.0,1156.0,266.6,3980.1,5050.0,1053.9,140063.0,110344.5,100660.0,62070.0,111343.0,75140.0,31992.000000000004,107462.7,65650.0,104336.1,909061.2999999999,13656.649999999972,922717.95,-0.00017694584216554343,-0.0772820500000001
2026-09-02,1313.1,700.8,1426.5,1020.9,2348.0,1140.0,266.3,3981.0,5074.0,1055.9,140501.69999999998,108624.0,99855.0,61254.0,110356.0,74100.0,31956.0,107487.0,65962.0,104534.1,904629.7999999999,13656.649999999972,918286.45,-0.004802659360858885,-0.08171355000000002
2026-09-03,1302.5,706.65,1430.0,1023.4,2320.1,1130.3,263.0,3975.0,5027.0,1049.0,139367.5,109530.75,100100.0,61404.0,109044.7,73469.5,31560.0,107325.0,65351.0,103851.0,901003.45,13656.649999999972,914660.1,-0.003949040084387567,-0.08533990000000002
2026-09-04,1322.0,712.1,1423.2,1016.1,2304.0,1130.0,264.1,3964.1,5020.0,1060.5,141454.0,110375.5,99624.0,60966.0,108288.0,73450.0,31692.000000000004,107030.7,65260.0,104989.5,903129.7,13656.649999999972,916786.35,0.0023246340361846585,-0.08321365000000003
2026-09-07,1309.5,710.5,1427.5,1005.9,2270.0,1087.5,263.5,3999.0,4995.0,1060.0,140116.5,110127.5,99925.0,60354.0,106690.0,70687.5,31620.0,107973.0,64935.0,104940.0,897368.5,13656.649999999972,911025.15,-0.006284124976337124,-0.08897484999999994
2026-09-08,1294.9,703.0,1399.4,1008.0,2255.5,1082.0,263.5,3946.1,4987.0,1054.1,138554.30000000002,108965.0,97958.0,60480.0,106008.5,70330.0,31620.0,106544.7,64831.0,104355.9,889647.4,13656.649999999972,903304.05,-0.008475177661121602,-0.09669594999999997
2026-09-09,1279.0,687.1,1389.1,1000.5,2208.0,1035.0,260.8,3922.6,5005.0,1039.3,136853.0,106500.5,97237.0,60030.0,103776.0,67275.0,31296.0,105910.2,65065.0,102890.7,876833.3999999999,13656.649999999972,890490.0499999999,-0.014185699709859723,-0.10950995000000008
2026-09-10,1274.0,693.8,1384.5,1009.7,2204.1,1036.5,259.3,3955.0,5021.0,1043.5,136318.0,107539.0,96915.0,60582.0,103592.7,67372.5,31116.0,106785.0,65273.0,103306.5,878799.7,13656.649999999972,892456.35,0.002208110017624554,-0.10754364999999999
2026-09-11,1257.5,708.25,1379.3,995.7,2200.8,1037.7,259.85,3930.7,5009.5,1034.5,134552.5,109778.75,96551.0,59742.0,103437.6,67450.5,31182.000000000004,106128.9,65123.5,102415.5,876362.25,13656.649999999972,890018.9,-0.0027311699894341235,-0.10998109999999994
